step,mloss,gloss,loss
100.0,1.3506,1.0645,2.4151
200.0,1.2491,1.0151,2.2641999999999998
300.0,1.2335,1.0119,2.2454
400.0,1.2157,0.9999,2.2156000000000002
500.0,1.2008,1.0011,2.2019
