{
    "eval_type": "synthetic",
    "dataset": "data/adult/",
    "metrics": {
        "train": {
            "0": {
                "precision": 0.758939280967355,
                "recall": 0.9999328809918969,
                "f1-score": 0.8629260933554842,
                "support": 163888
            },
            "1": {
                "precision": 0.8450704225352113,
                "recall": 0.0011513662879950874,
                "f1-score": 0.0022995994864227812,
                "support": 52112
            },
            "accuracy": 0.7589675925925926,
            "macro avg": {
                "precision": 0.8020048517512831,
                "recall": 0.500542123639946,
                "f1-score": 0.4326128464209535,
                "support": 216000
            },
            "weighted avg": {
                "precision": 0.7797192163811704,
                "recall": 0.7589675925925926,
                "f1-score": 0.655291982945741,
                "support": 216000
            },
            "roc_auc": 0.517263714823791,
            "score": 0.7589675925925926
        },
        "val": {
            "0": {
                "precision": 0.7988129349160867,
                "recall": 0.7892821031344792,
                "f1-score": 0.794018919743668,
                "support": 4945
            },
            "1": {
                "precision": 0.35955746773202213,
                "recall": 0.37308673469387754,
                "f1-score": 0.36619718309859156,
                "support": 1568
            },
            "accuracy": 0.6890833717181023,
            "macro avg": {
                "precision": 0.5791852013240544,
                "recall": 0.5811844189141784,
                "f1-score": 0.5801080514211298,
                "support": 6513
            },
            "weighted avg": {
                "precision": 0.6930625015451957,
                "recall": 0.6890833717181023,
                "f1-score": 0.6910211486612974,
                "support": 6513
            },
            "roc_auc": 0.5727244588431936,
            "score": 0.6890833717181023
        },
        "test": {
            "0": {
                "precision": 0.8072742133224357,
                "recall": 0.7942903096099718,
                "f1-score": 0.8007296311309283,
                "support": 12435
            },
            "1": {
                "precision": 0.36777063766683143,
                "recall": 0.3868954758190328,
                "f1-score": 0.37709072478459205,
                "support": 3846
            },
            "accuracy": 0.6980529451507893,
            "macro avg": {
                "precision": 0.5875224254946335,
                "recall": 0.5905928927145023,
                "f1-score": 0.5889101779577601,
                "support": 16281
            },
            "weighted avg": {
                "precision": 0.7034519203446422,
                "recall": 0.6980529451507893,
                "f1-score": 0.7006549899044675,
                "support": 16281
            },
            "roc_auc": 0.5877950678943925,
            "score": 0.6980529451507893
        }
    }
}
