{
    "eval_type": "synthetic",
    "dataset": "data/adult/",
    "metrics": {
        "train": {
            "0": {
                "precision": 0.8960623672478585,
                "recall": 0.9370328107933292,
                "f1-score": 0.916089735750229,
                "support": 163879
            },
            "1": {
                "precision": 0.7687774491350722,
                "recall": 0.6582567487193262,
                "f1-score": 0.709237304778344,
                "support": 52121
            },
            "accuracy": 0.8697638888888889,
            "macro avg": {
                "precision": 0.8324199081914654,
                "recall": 0.7976447797563277,
                "f1-score": 0.8126635202642865,
                "support": 216000
            },
            "weighted avg": {
                "precision": 0.8653483986508376,
                "recall": 0.8697638888888889,
                "f1-score": 0.8661760526266845,
                "support": 216000
            },
            "roc_auc": 0.9271238454697954,
            "score": 0.8697638888888889
        },
        "val": {
            "0": {
                "precision": 0.8889963256623478,
                "recall": 0.9296258847320525,
                "f1-score": 0.9088572558323448,
                "support": 4945
            },
            "1": {
                "precision": 0.7406855439642325,
                "recall": 0.6339285714285714,
                "f1-score": 0.6831615120274913,
                "support": 1568
            },
            "accuracy": 0.8584369722094273,
            "macro avg": {
                "precision": 0.8148409348132901,
                "recall": 0.7817772280803119,
                "f1-score": 0.796009383929918,
                "support": 6513
            },
            "weighted avg": {
                "precision": 0.8532906131331531,
                "recall": 0.8584369722094273,
                "f1-score": 0.8545211701136268,
                "support": 6513
            },
            "roc_auc": 0.9155870184271888,
            "score": 0.8584369722094273
        },
        "test": {
            "0": {
                "precision": 0.891095205110444,
                "recall": 0.9310816244471251,
                "f1-score": 0.9106496775208431,
                "support": 12435
            },
            "1": {
                "precision": 0.7393552311435523,
                "recall": 0.6320852834113364,
                "f1-score": 0.6815250911129801,
                "support": 3846
            },
            "accuracy": 0.8604508322584608,
            "macro avg": {
                "precision": 0.8152252181269981,
                "recall": 0.7815834539292308,
                "f1-score": 0.7960873843169116,
                "support": 16281
            },
            "weighted avg": {
                "precision": 0.8552502361357702,
                "recall": 0.8604508322584608,
                "f1-score": 0.856524429727425,
                "support": 16281
            },
            "roc_auc": 0.9133348534584729,
            "score": 0.8604508322584608
        }
    }
}
