{
    "eval_type": "synthetic",
    "dataset": "data/adult/",
    "metrics": {
        "train": {
            "0": {
                "precision": 0.7585557139947036,
                "recall": 0.9999755872785309,
                "f1-score": 0.8626939936026536,
                "support": 163849
            },
            "1": {
                "precision": 0.0,
                "recall": 0.0,
                "f1-score": 0.0,
                "support": 52151
            },
            "accuracy": 0.7585416666666667,
            "macro avg": {
                "precision": 0.3792778569973518,
                "recall": 0.49998779363926543,
                "f1-score": 0.4313469968013268,
                "support": 216000
            },
            "weighted avg": {
                "precision": 0.5754101628811027,
                "recall": 0.7585416666666667,
                "f1-score": 0.6544053155453758,
                "support": 216000
            },
            "roc_auc": 0.5101293476116846,
            "score": 0.7585416666666667
        },
        "val": {
            "0": {
                "precision": 0.7582064297800338,
                "recall": 0.9061678463094034,
                "f1-score": 0.8256103178258868,
                "support": 4945
            },
            "1": {
                "precision": 0.23051409618573798,
                "recall": 0.08864795918367346,
                "f1-score": 0.12805158912943346,
                "support": 1568
            },
            "accuracy": 0.7093505297098112,
            "macro avg": {
                "precision": 0.49436026298288593,
                "recall": 0.49740790274653846,
                "f1-score": 0.47683095347766014,
                "support": 6513
            },
            "weighted avg": {
                "precision": 0.6311648853188245,
                "recall": 0.7093505297098112,
                "f1-score": 0.6576735626291972,
                "support": 6513
            },
            "roc_auc": 0.563873140257114,
            "score": 0.7093505297098112
        },
        "test": {
            "0": {
                "precision": 0.7616122063192007,
                "recall": 0.9071974266184157,
                "f1-score": 0.8280544647117113,
                "support": 12435
            },
            "1": {
                "precision": 0.21443158611300203,
                "recall": 0.08190327613104524,
                "f1-score": 0.11853245531514582,
                "support": 3846
            },
            "accuracy": 0.712241262821694,
            "macro avg": {
                "precision": 0.48802189621610137,
                "recall": 0.49455035137473047,
                "f1-score": 0.47329346001342854,
                "support": 16281
            },
            "weighted avg": {
                "precision": 0.6323537660935978,
                "recall": 0.712241262821694,
                "f1-score": 0.6604467226725742,
                "support": 16281
            },
            "roc_auc": 0.5575879231389602,
            "score": 0.712241262821694
        }
    }
}
