{
    "eval_type": "synthetic",
    "dataset": "data/adult/",
    "metrics": {
        "train": {
            "0": {
                "precision": 0.8878044532179871,
                "recall": 0.9332434131425886,
                "f1-score": 0.9099570345508861,
                "support": 163849
            },
            "1": {
                "precision": 0.7500742602536273,
                "recall": 0.6294606047822668,
                "f1-score": 0.6844947662538055,
                "support": 52151
            },
            "accuracy": 0.8598981481481481,
            "macro avg": {
                "precision": 0.8189393567358072,
                "recall": 0.7813520089624277,
                "f1-score": 0.7972259004023458,
                "support": 216000
            },
            "weighted avg": {
                "precision": 0.8545509009342633,
                "recall": 0.8598981481481481,
                "f1-score": 0.8555214662455108,
                "support": 216000
            },
            "roc_auc": 0.9142601669913122,
            "score": 0.8598981481481481
        },
        "val": {
            "0": {
                "precision": 0.8860343828472088,
                "recall": 0.9276036400404449,
                "f1-score": 0.9063426200355662,
                "support": 4945
            },
            "1": {
                "precision": 0.7320359281437125,
                "recall": 0.6237244897959183,
                "f1-score": 0.6735537190082643,
                "support": 1568
            },
            "accuracy": 0.8544449562413634,
            "macro avg": {
                "precision": 0.8090351554954607,
                "recall": 0.7756640649181816,
                "f1-score": 0.7899481695219153,
                "support": 6513
            },
            "weighted avg": {
                "precision": 0.848959367190049,
                "recall": 0.8544449562413634,
                "f1-score": 0.8502988618886586,
                "support": 6513
            },
            "roc_auc": 0.9110094973277479,
            "score": 0.8544449562413634
        },
        "test": {
            "0": {
                "precision": 0.8893502499038831,
                "recall": 0.9301166063530358,
                "f1-score": 0.9092767295597484,
                "support": 12435
            },
            "1": {
                "precision": 0.7347374847374848,
                "recall": 0.625845033801352,
                "f1-score": 0.6759337264813255,
                "support": 3846
            },
            "accuracy": 0.8582396658681899,
            "macro avg": {
                "precision": 0.812043867320684,
                "recall": 0.7779808200771939,
                "f1-score": 0.7926052280205369,
                "support": 16281
            },
            "weighted avg": {
                "precision": 0.852826652162346,
                "recall": 0.8582396658681899,
                "f1-score": 0.8541549809055126,
                "support": 16281
            },
            "roc_auc": 0.910617154079006,
            "score": 0.8582396658681899
        }
    }
}
