{
    "eval_type": "synthetic",
    "dataset": "data/adult/",
    "metrics": {
        "train": {
            "0": {
                "precision": 0.7579861111111111,
                "recall": 1.0,
                "f1-score": 0.8623345842385937,
                "support": 163725
            },
            "1": {
                "precision": 0.0,
                "recall": 0.0,
                "f1-score": 0.0,
                "support": 52275
            },
            "accuracy": 0.7579861111111111,
            "macro avg": {
                "precision": 0.37899305555555557,
                "recall": 0.5,
                "f1-score": 0.43116729211929683,
                "support": 216000
            },
            "weighted avg": {
                "precision": 0.5745429446373457,
                "recall": 0.7579861111111111,
                "f1-score": 0.6536376379836284,
                "support": 216000
            },
            "roc_auc": 0.5020952129329437,
            "score": 0.7579861111111111
        },
        "val": {
            "0": {
                "precision": 0.7592507293106096,
                "recall": 1.0,
                "f1-score": 0.863152382614767,
                "support": 4945
            },
            "1": {
                "precision": 0.0,
                "recall": 0.0,
                "f1-score": 0.0,
                "support": 1568
            },
            "accuracy": 0.7592507293106096,
            "macro avg": {
                "precision": 0.3796253646553048,
                "recall": 0.5,
                "f1-score": 0.4315761913073835,
                "support": 6513
            },
            "weighted avg": {
                "precision": 0.5764616699586925,
                "recall": 0.7592507293106096,
                "f1-score": 0.6553490760064522,
                "support": 6513
            },
            "roc_auc": 0.5,
            "score": 0.7592507293106096
        },
        "test": {
            "0": {
                "precision": 0.7637737239727289,
                "recall": 1.0,
                "f1-score": 0.8660676974508984,
                "support": 12435
            },
            "1": {
                "precision": 0.0,
                "recall": 0.0,
                "f1-score": 0.0,
                "support": 3846
            },
            "accuracy": 0.7637737239727289,
            "macro avg": {
                "precision": 0.38188686198636446,
                "recall": 0.5,
                "f1-score": 0.4330338487254492,
                "support": 16281
            },
            "weighted avg": {
                "precision": 0.5833503014311704,
                "recall": 0.7637737239727289,
                "f1-score": 0.6614797504945593,
                "support": 16281
            },
            "roc_auc": 0.5001112493233143,
            "score": 0.7637737239727289
        }
    }
}
