{
    "eval_type": "synthetic",
    "dataset": "data/house/",
    "metrics": {
        "train": {
            "rmse": 13096.066311733832,
            "r2": 0.9189102925074166,
            "score": -13096.066311733832
        },
        "val": {
            "rmse": 28542.774179150405,
            "r2": 0.7266123554291327,
            "score": -28542.774179150405
        },
        "test": {
            "rmse": 30431.534275702605,
            "r2": 0.6792139222324791,
            "score": -30431.534275702605
        }
    }
}
