{
    "eval_type": "synthetic",
    "dataset": "data/wilt/",
    "metrics": {
        "train": {
            "0": {
                "precision": 0.9882213849806715,
                "recall": 0.9870495771390492,
                "f1-score": 0.9876351334787831,
                "support": 204086
            },
            "1": {
                "precision": 0.7825765054294176,
                "recall": 0.7984723854289072,
                "f1-score": 0.7904445367677607,
                "support": 11914
            },
            "accuracy": 0.9766481481481482,
            "macro avg": {
                "precision": 0.8853989452050446,
                "recall": 0.8927609812839782,
                "f1-score": 0.8890398351232719,
                "support": 216000
            },
            "weighted avg": {
                "precision": 0.9768785465780158,
                "recall": 0.9766481481481482,
                "f1-score": 0.9767586113990835,
                "support": 216000
            },
            "roc_auc": 0.9916052196894267,
            "score": 0.9766481481481482
        },
        "val": {
            "0": {
                "precision": 0.9986320109439124,
                "recall": 0.9959072305593452,
                "f1-score": 0.9972677595628415,
                "support": 733
            },
            "1": {
                "precision": 0.9318181818181818,
                "recall": 0.9761904761904762,
                "f1-score": 0.9534883720930233,
                "support": 42
            },
            "accuracy": 0.9948387096774194,
            "macro avg": {
                "precision": 0.9652250963810471,
                "recall": 0.9860488533749107,
                "f1-score": 0.9753780658279324,
                "support": 775
            },
            "weighted avg": {
                "precision": 0.9950111324622598,
                "recall": 0.9948387096774194,
                "f1-score": 0.9948951992096385,
                "support": 775
            },
            "roc_auc": 0.9984733320340415,
            "score": 0.9948387096774194
        },
        "test": {
            "0": {
                "precision": 0.9891067538126361,
                "recall": 0.9912663755458515,
                "f1-score": 0.9901853871319519,
                "support": 916
            },
            "1": {
                "precision": 0.84,
                "recall": 0.8076923076923077,
                "f1-score": 0.8235294117647058,
                "support": 52
            },
            "accuracy": 0.981404958677686,
            "macro avg": {
                "precision": 0.9145533769063181,
                "recall": 0.8994793416190796,
                "f1-score": 0.9068573994483289,
                "support": 968
            },
            "weighted avg": {
                "precision": 0.9810968868722878,
                "recall": 0.981404958677686,
                "f1-score": 0.9812327934138768,
                "support": 968
            },
            "roc_auc": 0.9935127645280484,
            "score": 0.981404958677686
        }
    }
}
