{
    "eval_type": "synthetic",
    "dataset": "data/higgs-small/",
    "metrics": {
        "train": {
            "0": {
                "precision": 0.7755937755937756,
                "recall": 0.40974385600553825,
                "f1-score": 0.5362097276484911,
                "support": 11556
            },
            "1": {
                "precision": 0.6351430863867344,
                "recall": 0.8965569314406524,
                "f1-score": 0.7435423776574095,
                "support": 13244
            },
            "accuracy": 0.6697177419354838,
            "macro avg": {
                "precision": 0.705368430990255,
                "recall": 0.6531503937230954,
                "f1-score": 0.6398760526529503,
                "support": 24800
            },
            "weighted avg": {
                "precision": 0.7005885768898219,
                "recall": 0.6697177419354838,
                "f1-score": 0.6469320509032538,
                "support": 24800
            },
            "roc_auc": 0.7651751809815275,
            "score": 0.6697177419354838
        },
        "val": {
            "0": {
                "precision": 0.4667928925138363,
                "recall": 0.43334234721471065,
                "f1-score": 0.44944608049361945,
                "support": 7396
            },
            "1": {
                "precision": 0.5249376558603491,
                "recall": 0.5584901109503135,
                "f1-score": 0.5411943438120836,
                "support": 8292
            },
            "accuracy": 0.4994900560938297,
            "macro avg": {
                "precision": 0.4958652741870927,
                "recall": 0.4959162290825121,
                "f1-score": 0.49532021215285155,
                "support": 15688
            },
            "weighted avg": {
                "precision": 0.49752570598077184,
                "recall": 0.4994900560938297,
                "f1-score": 0.49794025434858535,
                "support": 15688
            },
            "roc_auc": 0.49343609092880014,
            "score": 0.4994900560938297
        },
        "test": {
            "0": {
                "precision": 0.46781268524007114,
                "recall": 0.4268253109789075,
                "f1-score": 0.4463800904977376,
                "support": 9245
            },
            "1": {
                "precision": 0.5258165548098434,
                "recall": 0.5669078630004823,
                "f1-score": 0.545589600742804,
                "support": 10365
            },
            "accuracy": 0.5008669046404896,
            "macro avg": {
                "precision": 0.49681462002495724,
                "recall": 0.49686658698969494,
                "f1-score": 0.4959848456202708,
                "support": 19610
            },
            "weighted avg": {
                "precision": 0.4984710283349558,
                "recall": 0.5008669046404896,
                "f1-score": 0.49881795759055314,
                "support": 19610
            },
            "roc_auc": 0.49673238321023055,
            "score": 0.5008669046404896
        }
    }
}
