{
    "eval_type": "synthetic",
    "dataset": "data/wilt/",
    "metrics": {
        "train": {
            "0": {
                "precision": 0.9948560982867831,
                "recall": 0.9985492404847244,
                "f1-score": 0.9966992482804149,
                "support": 23436
            },
            "1": {
                "precision": 0.9733750978856696,
                "recall": 0.9112903225806451,
                "f1-score": 0.9413101098068913,
                "support": 1364
            },
            "accuracy": 0.99375,
            "macro avg": {
                "precision": 0.9841155980862264,
                "recall": 0.9549197815326848,
                "f1-score": 0.9690046790436531,
                "support": 24800
            },
            "weighted avg": {
                "precision": 0.9936746432647218,
                "recall": 0.99375,
                "f1-score": 0.9936528456643711,
                "support": 24800
            },
            "roc_auc": 0.9988832599069333,
            "score": 0.99375
        },
        "val": {
            "0": {
                "precision": 0.9972677595628415,
                "recall": 0.9959072305593452,
                "f1-score": 0.9965870307167236,
                "support": 733
            },
            "1": {
                "precision": 0.9302325581395349,
                "recall": 0.9523809523809523,
                "f1-score": 0.9411764705882352,
                "support": 42
            },
            "accuracy": 0.9935483870967742,
            "macro avg": {
                "precision": 0.9637501588511882,
                "recall": 0.9741440914701487,
                "f1-score": 0.9688817506524794,
                "support": 775
            },
            "weighted avg": {
                "precision": 0.9936348841308688,
                "recall": 0.9935483870967742,
                "f1-score": 0.9935841358452443,
                "support": 775
            },
            "roc_auc": 0.9992529071655947,
            "score": 0.9935483870967742
        },
        "test": {
            "0": {
                "precision": 0.985854189336235,
                "recall": 0.9890829694323144,
                "f1-score": 0.9874659400544958,
                "support": 916
            },
            "1": {
                "precision": 0.7959183673469388,
                "recall": 0.75,
                "f1-score": 0.7722772277227722,
                "support": 52
            },
            "accuracy": 0.9762396694214877,
            "macro avg": {
                "precision": 0.890886278341587,
                "recall": 0.8695414847161572,
                "f1-score": 0.879871583888634,
                "support": 968
            },
            "weighted avg": {
                "precision": 0.9756510253450745,
                "recall": 0.9762396694214877,
                "f1-score": 0.9759062158383289,
                "support": 968
            },
            "roc_auc": 0.9905315754114881,
            "score": 0.9762396694214877
        }
    }
}
